project_name,repo_url,commit_hash,namespace,type_name,method_name,identifier,file_path,line_start,line_end,return_type,parameter_types,is_static,is_async
duplicati,https://github.com/duplicati/duplicati,05d9457f364fcdeb9165dd1dff755bef8f8d629b,Duplicati.Library,JsonWebHelperHttpClient,ReadJsonResponseAsync,"Duplicati.Library.JsonWebHelperHttpClient.ReadJsonResponseAsync<T>(HttpRequestMessage,CancellationToken)",Duplicati/Library/Backend/OAuthHelper/JSONWebHelperHttpClient.cs,172,176,Task<T>,"HttpRequestMessage,CancellationToken",False,True
duplicati,https://github.com/duplicati/duplicati,05d9457f364fcdeb9165dd1dff755bef8f8d629b,Duplicati.Library.Encryption,AESStringEncryption,DecryptFromHex,"Duplicati.Library.Encryption.AESStringEncryption.DecryptFromHex(string,string)",Duplicati/Library/Encryption/AESStringEncryption.cs,41,44,string,"string,string",True,False
duplicati,https://github.com/duplicati/duplicati,05d9457f364fcdeb9165dd1dff755bef8f8d629b,Duplicati.Library.Utility,Utility,GetStreamLength,"Duplicati.Library.Utility.Utility.GetStreamLength(Stream,bool,bool)",Duplicati/Library/Utility/Utility.cs,176,193,long?,"Stream,bool,bool",True,False
duplicati,https://github.com/duplicati/duplicati,05d9457f364fcdeb9165dd1dff755bef8f8d629b,Duplicati.Library.Main.Database,ExtensionMethods,ConvertValueToInt64,"Duplicati.Library.Main.Database.ExtensionMethods.ConvertValueToInt64(IDataReader,int,long)",Duplicati/Library/Main/Database/ExtensionMethods.cs,1061,1073,long,"IDataReader,int,long",True,False
duplicati,https://github.com/duplicati/duplicati,05d9457f364fcdeb9165dd1dff755bef8f8d629b,Duplicati.Library.Main,Controller,List,Duplicati.Library.Main.Controller.List(),Duplicati/Library/Main/Controller.cs,225,228,IListResults,,False,False
duplicati,https://github.com/duplicati/duplicati,05d9457f364fcdeb9165dd1dff755bef8f8d629b,Duplicati.Library.Backend.WebApi,GoogleCloudStorage,DeleteUrl,"Duplicati.Library.Backend.WebApi.GoogleCloudStorage.DeleteUrl(string,string)",Duplicati/Library/Backend/GoogleServices/WebApi.cs,60,65,string,"string,string",True,False
duplicati,https://github.com/duplicati/duplicati,05d9457f364fcdeb9165dd1dff755bef8f8d629b,Duplicati.Library.Utility,ReadLimitLengthStream,WriteAsync,"Duplicati.Library.Utility.ReadLimitLengthStream.WriteAsync(byte[],int,int,CancellationToken)",Duplicati/Library/Utility/ReadLimitLengthStream.cs,208,211,Task,"byte[],int,int,CancellationToken",False,False
duplicati,https://github.com/duplicati/duplicati,05d9457f364fcdeb9165dd1dff755bef8f8d629b,Duplicati.Library.Compression.ZipCompression,SharpCompressZipArchive,ListFilesWithSize,Duplicati.Library.Compression.ZipCompression.SharpCompressZipArchive.ListFilesWithSize(string),Duplicati/Library/Compression/ZipCompression/SharpCompressZipArchive.cs,197,215,"IEnumerable<KeyValuePair<string, long>>",string,False,False
duplicati,https://github.com/duplicati/duplicati,05d9457f364fcdeb9165dd1dff755bef8f8d629b,ReleaseBuilder,EncryptionHelper,DecryptPasswordFile,"ReleaseBuilder.EncryptionHelper.DecryptPasswordFile(string,string)",ReleaseBuilder/EncryptionHelper.cs,33,40,string,"string,string",True,False
duplicati,https://github.com/duplicati/duplicati,05d9457f364fcdeb9165dd1dff755bef8f8d629b,Duplicati.Library.Backend,Jottacloud,GetDNSNamesAsync,Duplicati.Library.Backend.Jottacloud.GetDNSNamesAsync(CancellationToken),Duplicati/Library/Backend/Jottacloud/Jottacloud.cs,428,431,Task<string[]>,CancellationToken,False,False
MediatR,https://github.com/LuckyPennySoftware/MediatR,be61f5a415965bf81893a05b25e0c4936079f35c,MediatR.Examples,WrappingWriter,WriteLineAsync,MediatR.Examples.WrappingWriter.WriteLineAsync(string),samples/MediatR.Examples/Runner.cs,334,338,Task,string,False,False
MediatR,https://github.com/LuckyPennySoftware/MediatR,be61f5a415965bf81893a05b25e0c4936079f35c,MediatR.Wrappers,RequestHandlerWrapperImpl<TRequest>,Handle,"MediatR.Wrappers.RequestHandlerWrapperImpl<TRequest>.Handle(object,IServiceProvider,CancellationToken)",src/MediatR/Wrappers/RequestHandlerWrapper.cs,51,53,Task<object?>,"object,IServiceProvider,CancellationToken",False,True
MediatR,https://github.com/LuckyPennySoftware/MediatR,be61f5a415965bf81893a05b25e0c4936079f35c,MediatR,Mediator,Publish,"MediatR.Mediator.Publish(object,CancellationToken)",src/MediatR/Mediator.cs,132,138,Task,"object,CancellationToken",False,False
MediatR,https://github.com/LuckyPennySoftware/MediatR,be61f5a415965bf81893a05b25e0c4936079f35c,MediatR.Examples,PingedAlsoHandler,Handle,"MediatR.Examples.PingedAlsoHandler.Handle(Pinged,CancellationToken)",samples/MediatR.Examples/PingedHandler.cs,63,66,Task,"Pinged,CancellationToken",False,False
MediatR,https://github.com/LuckyPennySoftware/MediatR,be61f5a415965bf81893a05b25e0c4936079f35c,Microsoft.Extensions.DependencyInjection,MediatRServiceCollectionExtensions,AddMediatR,"Microsoft.Extensions.DependencyInjection.MediatRServiceCollectionExtensions.AddMediatR(IServiceCollection,MediatRServiceConfiguration)",src/MediatR/MicrosoftExtensionsDI/MediatRServiceCollectionExtensions.cs,44,59,IServiceCollection,"IServiceCollection,MediatRServiceConfiguration",True,False
MediatR,https://github.com/LuckyPennySoftware/MediatR,be61f5a415965bf81893a05b25e0c4936079f35c,MediatR.Examples.Windsor,ContravariantFilter,HasOpinionAbout,MediatR.Examples.Windsor.ContravariantFilter.HasOpinionAbout(Type),samples/MediatR.Examples.Windsor/ContravariantFilter.cs,10,19,bool,Type,False,False
MediatR,https://github.com/LuckyPennySoftware/MediatR,be61f5a415965bf81893a05b25e0c4936079f35c,Microsoft.Extensions.DependencyInjection,MediatRServiceConfiguration,AddBehavior,"Microsoft.Extensions.DependencyInjection.MediatRServiceConfiguration.AddBehavior(Type,Type,ServiceLifetime)",src/MediatR/MicrosoftExtensionsDI/MediatrServiceConfiguration.cs,195,200,MediatRServiceConfiguration,"Type,Type,ServiceLifetime",False,False
MediatR,https://github.com/LuckyPennySoftware/MediatR,be61f5a415965bf81893a05b25e0c4936079f35c,Microsoft.Extensions.DependencyInjection,MediatRServiceConfiguration,AddOpenBehaviors,Microsoft.Extensions.DependencyInjection.MediatRServiceConfiguration.AddOpenBehaviors(IEnumerable<OpenBehavior>),src/MediatR/MicrosoftExtensionsDI/MediatrServiceConfiguration.cs,252,260,MediatRServiceConfiguration,IEnumerable<OpenBehavior>,False,False
MediatR,https://github.com/LuckyPennySoftware/MediatR,be61f5a415965bf81893a05b25e0c4936079f35c,Microsoft.Extensions.DependencyInjection,MediatRServiceConfiguration,AddRequestPreProcessor,"Microsoft.Extensions.DependencyInjection.MediatRServiceConfiguration.AddRequestPreProcessor<TServiceType, TImplementationType>(ServiceLifetime)",src/MediatR/MicrosoftExtensionsDI/MediatrServiceConfiguration.cs,354,355,MediatRServiceConfiguration,ServiceLifetime,False,False
MediatR,https://github.com/LuckyPennySoftware/MediatR,be61f5a415965bf81893a05b25e0c4936079f35c,Microsoft.Extensions.DependencyInjection,MediatRServiceConfiguration,AddRequestPostProcessor,"Microsoft.Extensions.DependencyInjection.MediatRServiceConfiguration.AddRequestPostProcessor<TServiceType, TImplementationType>(ServiceLifetime)",src/MediatR/MicrosoftExtensionsDI/MediatrServiceConfiguration.cs,440,441,MediatRServiceConfiguration,ServiceLifetime,False,False
Polly,https://github.com/App-vNext/Polly,3fb78e0c769998aa5ed7c5e4f0584ad1627709f7,Polly,AsyncRetrySyntax,RetryAsync,"Polly.AsyncRetrySyntax.RetryAsync(PolicyBuilder,Action<Exception, int, Context>)",src/Polly/Retry/AsyncRetrySyntax.cs,100,101,AsyncRetryPolicy,"PolicyBuilder,Action<Exception, int, Context>",True,False
Polly,https://github.com/App-vNext/Polly,3fb78e0c769998aa5ed7c5e4f0584ad1627709f7,Polly,Policy,CacheAsync,"Polly.Policy.CacheAsync<TResult>(IAsyncCacheProvider,ITtlStrategy,ICacheKeyStrategy,Action<Context, string, Exception>?)",src/Polly/Caching/AsyncCacheTResultSyntax.cs,99,116,AsyncCachePolicy<TResult>,"IAsyncCacheProvider,ITtlStrategy,ICacheKeyStrategy,Action<Context, string, Exception>?",True,False
Polly,https://github.com/App-vNext/Polly,3fb78e0c769998aa5ed7c5e4f0584ad1627709f7,Polly,AsyncRetryTResultSyntax,WaitAndRetryForeverAsync,"Polly.AsyncRetryTResultSyntax.WaitAndRetryForeverAsync<TResult>(PolicyBuilder<TResult>,Func<int, Context, TimeSpan>,Action<DelegateResult<TResult>, TimeSpan, Context>)",src/Polly/Retry/AsyncRetryTResultSyntax.cs,1047,1059,AsyncRetryPolicy<TResult>,"PolicyBuilder<TResult>,Func<int, Context, TimeSpan>,Action<DelegateResult<TResult>, TimeSpan, Context>",True,False
Polly,https://github.com/App-vNext/Polly,3fb78e0c769998aa5ed7c5e4f0584ad1627709f7,Polly,ResiliencePipeline<T>,ExecuteAsync,"Polly.ResiliencePipeline<T>.ExecuteAsync<TResult, TState>(Func<TState, CancellationToken, ValueTask<TResult>>,TState,CancellationToken)",src/Polly.Core/ResiliencePipelineT.Async.cs,48,53,ValueTask<TResult>,"Func<TState, CancellationToken, ValueTask<TResult>>,TState,CancellationToken",False,False
Polly,https://github.com/App-vNext/Polly,3fb78e0c769998aa5ed7c5e4f0584ad1627709f7,Polly.Wrap,IPolicyWrapExtension,GetPolicy,Polly.Wrap.IPolicyWrapExtension.GetPolicy<TPolicy>(IPolicyWrap),src/Polly/Wrap/IPolicyWrapExtension.cs,56,57,TPolicy,IPolicyWrap,True,False
Polly,https://github.com/App-vNext/Polly,3fb78e0c769998aa5ed7c5e4f0584ad1627709f7,Polly,ResiliencePipelineBuilderExtensions,AddStrategy,"Polly.ResiliencePipelineBuilderExtensions.AddStrategy(ResiliencePipelineBuilder,Func<StrategyBuilderContext, ResilienceStrategy<object>>)",src/Polly.Core/ResiliencePipelineBuilderExtensions.cs,160,168,ResiliencePipelineBuilder,"ResiliencePipelineBuilder,Func<StrategyBuilderContext, ResilienceStrategy<object>>",True,False
Polly,https://github.com/App-vNext/Polly,3fb78e0c769998aa5ed7c5e4f0584ad1627709f7,Polly,AsyncPolicy,WithPolicyKey,Polly.AsyncPolicy.WithPolicyKey(string),src/Polly/AsyncPolicy.ContextAndKeys.cs,11,20,AsyncPolicy,string,False,False
Polly,https://github.com/App-vNext/Polly,3fb78e0c769998aa5ed7c5e4f0584ad1627709f7,Polly,Policy,Timeout,"Polly.Policy.Timeout<TResult>(Func<TimeSpan>,TimeoutStrategy,Action<Context, TimeSpan, Task, Exception>)",src/Polly/Timeout/TimeoutTResultSyntax.cs,319,327,TimeoutPolicy<TResult>,"Func<TimeSpan>,TimeoutStrategy,Action<Context, TimeSpan, Task, Exception>",True,False
Polly,https://github.com/App-vNext/Polly,3fb78e0c769998aa5ed7c5e4f0584ad1627709f7,Polly,Policy,Execute,"Polly.Policy.Execute(Action<Context, CancellationToken>,IDictionary<string, object>,CancellationToken)",src/Polly/Policy.ExecuteOverloads.cs,49,51,void,"Action<Context, CancellationToken>,IDictionary<string, object>,CancellationToken",False,False
Polly,https://github.com/App-vNext/Polly,3fb78e0c769998aa5ed7c5e4f0584ad1627709f7,Polly,AsyncRetrySyntax,RetryAsync,"Polly.AsyncRetrySyntax.RetryAsync(PolicyBuilder,Func<Exception, int, Task>)",src/Polly/Retry/AsyncRetrySyntax.cs,47,48,AsyncRetryPolicy,"PolicyBuilder,Func<Exception, int, Task>",True,False
Kavita,https://github.com/Kareadita/Kavita,0987bf8951be2b10ac4de1f33634129442d39cc1,API.Data.ManualMigrations,MigrateSmartFilterEncoding,Migrate,"API.Data.ManualMigrations.MigrateSmartFilterEncoding.Migrate(IUnitOfWork,DataContext,ILogger<Program>)",API/Data/ManualMigrations/v0.7.11/MigrateSmartFilterEncoding.cs,25,55,Task,"IUnitOfWork,DataContext,ILogger<Program>",True,True
Kavita,https://github.com/Kareadita/Kavita,0987bf8951be2b10ac4de1f33634129442d39cc1,API.Controllers,ReaderController,GetThumbnail,"API.Controllers.ReaderController.GetThumbnail(int,int,string)",API/Controllers/ReaderController.cs,142,153,Task<ActionResult>,"int,int,string",False,True
Kavita,https://github.com/Kareadita/Kavita,0987bf8951be2b10ac4de1f33634129442d39cc1,API.Controllers,ReadingProfileController,BulkAddReadingProfile,API.Controllers.ReadingProfileController.BulkAddReadingProfile(BulkSetSeriesProfiles),API/Controllers/ReadingProfileController.cs,216,221,Task<IActionResult>,BulkSetSeriesProfiles,False,True
Kavita,https://github.com/Kareadita/Kavita,0987bf8951be2b10ac4de1f33634129442d39cc1,API.Helpers.Builders,ChapterBuilder,FromParserInfo,API.Helpers.Builders.ChapterBuilder.FromParserInfo(ParserInfo),API/Helpers/Builders/ChapterBuilder.cs,33,45,ChapterBuilder,ParserInfo,True,False
Kavita,https://github.com/Kareadita/Kavita,0987bf8951be2b10ac4de1f33634129442d39cc1,API.Services,CacheService,CleanupBookmarks,API.Services.CacheService.CleanupBookmarks(IEnumerable<int>),API/Services/CacheService.cs,316,322,void,IEnumerable<int>,False,False
Kavita,https://github.com/Kareadita/Kavita,0987bf8951be2b10ac4de1f33634129442d39cc1,API.Data.Repositories,ISeriesRepository,GetAllSeriesByAnyName,"API.Data.Repositories.ISeriesRepository.GetAllSeriesByAnyName(string,string,int,MangaFormat)",API/Data/Repositories/SeriesRepository.cs,148,149,Task<IList<Series>>,"string,string,int,MangaFormat",False,False
Kavita,https://github.com/Kareadita/Kavita,0987bf8951be2b10ac4de1f33634129442d39cc1,API.SignalR,LogHub,SendLogAsObject,API.SignalR.LogHub.SendLogAsObject(object),API/SignalR/LogHub.cs,52,60,Task,object,False,True
Kavita,https://github.com/Kareadita/Kavita,0987bf8951be2b10ac4de1f33634129442d39cc1,API.Helpers.Builders,KoreaderBookDtoBuilder,WithDocument,API.Helpers.Builders.KoreaderBookDtoBuilder.WithDocument(string),API/Helpers/Builders/KoreaderBookDtoBuilder.cs,22,26,KoreaderBookDtoBuilder,string,False,False
Kavita,https://github.com/Kareadita/Kavita,0987bf8951be2b10ac4de1f33634129442d39cc1,API.Data.Repositories,VolumeRepository,GetVolumesForSeriesAsync,"API.Data.Repositories.VolumeRepository.GetVolumesForSeriesAsync(IList<int>,bool)",API/Data/Repositories/VolumeRepository.cs,125,144,Task<IEnumerable<Volume>>,"IList<int>,bool",False,True
Kavita,https://github.com/Kareadita/Kavita,0987bf8951be2b10ac4de1f33634129442d39cc1,API.Services.Tasks,StatsService,GetServerInfoSlim,API.Services.Tasks.StatsService.GetServerInfoSlim(),API/Services/Tasks/StatsService.cs,141,152,Task<ServerInfoSlimDto>,,False,True
UniTask,https://github.com/Cysharp/UniTask,73a63b7f672b88f7e9992f6917eb458a8cbb6fa9,Cysharp.Threading.Tasks,UniTaskExtensions,GetAwaiter,"Cysharp.Threading.Tasks.UniTaskExtensions.GetAwaiter((UniTask task1, UniTask task2, UniTask task3, UniTask task4, UniTask task5, UniTask task6, UniTask task7, UniTask task8, UniTask task9, UniTask task10, UniTask task11, UniTask task12))",src/UniTask/Assets/Plugins/UniTask/Runtime/UniTaskExtensions.Shorthand.cs,162,165,UniTask.Awaiter,"(UniTask task1, UniTask task2, UniTask task3, UniTask task4, UniTask task5, UniTask task6, UniTask task7, UniTask task8, UniTask task9, UniTask task10, UniTask task11, UniTask task12)",True,False
UniTask,https://github.com/Cysharp/UniTask,73a63b7f672b88f7e9992f6917eb458a8cbb6fa9,Cysharp.Threading.Tasks.Triggers,AsyncBeginDragTrigger,GetOnBeginDragAsyncHandler,Cysharp.Threading.Tasks.Triggers.AsyncBeginDragTrigger.GetOnBeginDragAsyncHandler(CancellationToken),src/UniTask/Assets/Plugins/UniTask/Runtime/Triggers/MonoBehaviourMessagesTriggers.cs,3463,3466,IAsyncOnBeginDragHandler,CancellationToken,False,False
UniTask,https://github.com/Cysharp/UniTask,73a63b7f672b88f7e9992f6917eb458a8cbb6fa9,Cysharp.Threading.Tasks.Linq,UniTaskAsyncEnumerable,ForEachAsync,"Cysharp.Threading.Tasks.Linq.UniTaskAsyncEnumerable.ForEachAsync<T>(IUniTaskAsyncEnumerable<T>,Func<T, UniTask>,CancellationToken)",src/UniTask/Assets/Plugins/UniTask/Runtime/Linq/ForEach.cs,26,31,UniTask,"IUniTaskAsyncEnumerable<T>,Func<T, UniTask>,CancellationToken",True,False
UniTask,https://github.com/Cysharp/UniTask,73a63b7f672b88f7e9992f6917eb458a8cbb6fa9,Cysharp.Threading.Tasks.Linq,UniTaskAsyncEnumerable,Timer,"Cysharp.Threading.Tasks.Linq.UniTaskAsyncEnumerable.Timer(TimeSpan,PlayerLoopTiming,bool,bool)",src/UniTask/Assets/Plugins/UniTask/Runtime/Linq/UnityExtensions/Timer.cs,9,12,IUniTaskAsyncEnumerable<AsyncUnit>,"TimeSpan,PlayerLoopTiming,bool,bool",True,False
UniTask,https://github.com/Cysharp/UniTask,73a63b7f672b88f7e9992f6917eb458a8cbb6fa9,Cysharp.Threading.Tasks.Triggers,AsyncJointBreak2DTrigger,GetOnJointBreak2DAsyncHandler,Cysharp.Threading.Tasks.Triggers.AsyncJointBreak2DTrigger.GetOnJointBreak2DAsyncHandler(CancellationToken),src/UniTask/Assets/Plugins/UniTask/Runtime/Triggers/MonoBehaviourMessagesTriggers.cs,1545,1548,IAsyncOnJointBreak2DHandler,CancellationToken,False,False
UniTask,https://github.com/Cysharp/UniTask,73a63b7f672b88f7e9992f6917eb458a8cbb6fa9,Cysharp.Threading.Tasks.Linq,UniTaskAsyncEnumerable,OrderByDescending,"Cysharp.Threading.Tasks.Linq.UniTaskAsyncEnumerable.OrderByDescending<TSource, TKey>(IUniTaskAsyncEnumerable<TSource>,Func<TSource, TKey>,IComparer<TKey>)",src/UniTask/Assets/Plugins/UniTask/Runtime/Linq/OrderBy.cs,72,79,IUniTaskOrderedAsyncEnumerable<TSource>,"IUniTaskAsyncEnumerable<TSource>,Func<TSource, TKey>,IComparer<TKey>",True,False
UniTask,https://github.com/Cysharp/UniTask,73a63b7f672b88f7e9992f6917eb458a8cbb6fa9,Cysharp.Threading.Tasks,ReadOnlyAsyncReactiveProperty<T>,GetAsyncEnumerator,Cysharp.Threading.Tasks.ReadOnlyAsyncReactiveProperty<T>.GetAsyncEnumerator(CancellationToken),src/UniTask/Assets/Plugins/UniTask/Runtime/AsyncReactiveProperty.cs,365,368,IUniTaskAsyncEnumerator<T>,CancellationToken,False,False
UniTask,https://github.com/Cysharp/UniTask,73a63b7f672b88f7e9992f6917eb458a8cbb6fa9,Cysharp.Threading.Tasks.Linq,UniTaskAsyncEnumerable,MinAsync,"Cysharp.Threading.Tasks.Linq.UniTaskAsyncEnumerable.MinAsync<TSource>(IUniTaskAsyncEnumerable<TSource>,Func<TSource, Int32>,CancellationToken)",src/UniTask/Assets/Plugins/UniTask/Runtime/Linq/MinMax.cs,16,22,UniTask<Int32>,"IUniTaskAsyncEnumerable<TSource>,Func<TSource, Int32>,CancellationToken",True,False
UniTask,https://github.com/Cysharp/UniTask,73a63b7f672b88f7e9992f6917eb458a8cbb6fa9,Cysharp.Threading.Tasks.Linq,UniTaskAsyncEnumerable,GroupJoinAwaitWithCancellation,"Cysharp.Threading.Tasks.Linq.UniTaskAsyncEnumerable.GroupJoinAwaitWithCancellation<TOuter, TInner, TKey, TResult>(IUniTaskAsyncEnumerable<TOuter>,IUniTaskAsyncEnumerable<TInner>,Func<TOuter, CancellationToken, UniTask<TKey>>,Func<TInner, CancellationToken, UniTask<TKey>>,Func<TOuter, IEnumerable<TInner>, CancellationToken, UniTask<TResult>>)",src/UniTask/Assets/Plugins/UniTask/Runtime/Linq/GroupJoin.cs,57,66,IUniTaskAsyncEnumerable<TResult>,"IUniTaskAsyncEnumerable<TOuter>,IUniTaskAsyncEnumerable<TInner>,Func<TOuter, CancellationToken, UniTask<TKey>>,Func<TInner, CancellationToken, UniTask<TKey>>,Func<TOuter, IEnumerable<TInner>, CancellationToken, UniTask<TResult>>",True,False
UniTask,https://github.com/Cysharp/UniTask,73a63b7f672b88f7e9992f6917eb458a8cbb6fa9,Cysharp.Threading.Tasks,UniTask,WhenAny,"Cysharp.Threading.Tasks.UniTask.WhenAny<T1, T2, T3, T4, T5, T6>(UniTask<T1>,UniTask<T2>,UniTask<T3>,UniTask<T4>,UniTask<T5>,UniTask<T6>)",src/UniTask/Assets/Plugins/UniTask/Runtime/UniTask.WhenAny.Generated.cs,714,717,"UniTask<(int winArgumentIndex, T1 result1, T2 result2, T3 result3, T4 result4, T5 result5, T6 result6)>","UniTask<T1>,UniTask<T2>,UniTask<T3>,UniTask<T4>,UniTask<T5>,UniTask<T6>",True,False
